{"stats":{"minecraft:mined":{"minecraft:white_bed":1,"minecraft:crafting_table":2,"minecraft:grass_block":2,"minecraft:melon":25,"minecraft:sugar_cane":1,"minecraft:iron_ore":8,"minecraft:grass":32,"minecraft:oak_log":29,"minecraft:coal_ore":11,"minecraft:dirt":4,"minecraft:stone":16,"minecraft:oak_leaves":1,"minecraft:fern":7},"minecraft:custom":{"minecraft:interact_with_furnace":1,"minecraft:mob_kills":42,"minecraft:interact_with_crafting_table":5,"minecraft:leave_game":2,"minecraft:time_since_death":2048,"minecraft:sleep_in_bed":1,"minecraft:climb_one_cm":988,"minecraft:time_since_rest":2082,"minecraft:sprint_one_cm":41397,"minecraft:damage_taken":925,"minecraft:walk_one_cm":57258,"minecraft:drop":11,"minecraft:damage_dealt":3987,"minecraft:swim_one_cm":16866,"minecraft:fly_one_cm":118510,"minecraft:play_time":28876,"tombstone:undead_killed":5,"minecraft:deaths":2,"minecraft:sneak_time":70,"minecraft:walk_under_water_one_cm":3413,"minecraft:jump":667,"minecraft:walk_on_water_one_cm":903,"minecraft:total_world_time":28876,"minecraft:fall_one_cm":21376},"minecraft:picked_up":{"minecraft:crafting_table":2,"minecraft:feather":18,"minecraft:chicken":14,"minecraft:leather":7,"minecraft:wooden_pickaxe":1,"minecraft:oak_log":29,"minecraft:dirt":6,"minecraft:string":2,"minecraft:bone":1,"minecraft:apple":2,"minecraft:bow":1,"minecraft:wheat_seeds":2,"minecraft:beef":15,"minecraft:melon_slice":124,"minecraft:sugar_cane":4,"minecraft:egg":4,"minecraft:stick":5,"minecraft:raw_iron":8,"minecraft:porkchop":14,"minecraft:white_bed":1,"minecraft:spider_eye":1,"minecraft:rotten_flesh":1,"minecraft:oak_sapling":12,"minecraft:black_wool":1,"minecraft:mutton":15,"minecraft:coal":11,"minecraft:white_wool":9,"minecraft:cobblestone":16},"minecraft:used":{"minecraft:stone_sword":125,"minecraft:stone_pickaxe":20,"minecraft:wooden_pickaxe":16,"minecraft:rotten_flesh":1,"minecraft:dirt":5,"minecraft:crafting_table":3,"minecraft:white_bed":1,"minecraft:wooden_axe":19,"minecraft:melon_slice":17,"minecraft:stone_axe":41,"minecraft:furnace":1},"minecraft:killed_by":{"minecraft:skeleton":1,"minecraft:creeper":1},"minecraft:killed":{"minecraft:pig":6,"minecraft:spider":1,"minecraft:sheep":10,"minecraft:skeleton":1,"minecraft:zombie":4,"minecraft:chicken":14,"minecraft:cow":6},"minecraft:crafted":{"minecraft:oak_planks":24,"minecraft:crafting_table":1,"minecraft:wooden_pickaxe":1,"minecraft:furnace":1,"minecraft:stone_axe":1,"minecraft:stick":8,"minecraft:stone_pickaxe":1,"minecraft:wooden_axe":1,"minecraft:stone_sword":1,"minecraft:white_bed":1},"minecraft:dropped":{"minecraft:wheat_seeds":1,"minecraft:stick":3,"minecraft:dirt":1,"minecraft:wooden_axe":1,"minecraft:oak_sapling":12,"minecraft:wooden_pickaxe":2}},"DataVersion":2975}