{"stats":{"minecraft:custom":{"minecraft:time_since_rest":1236,"minecraft:sprint_one_cm":9935,"minecraft:damage_taken":425,"minecraft:walk_one_cm":15902,"minecraft:mob_kills":4,"minecraft:drop":11,"minecraft:damage_dealt":1037,"minecraft:interact_with_crafting_table":3,"minecraft:fly_one_cm":27705,"minecraft:play_time":13781,"tombstone:undead_killed":4,"minecraft:deaths":1,"minecraft:sneak_time":45,"minecraft:jump":120,"minecraft:leave_game":2,"minecraft:time_since_death":1210,"minecraft:total_world_time":13781,"minecraft:fall_one_cm":4015},"minecraft:mined":{"minecraft:crafting_table":1,"minecraft:grass":3,"minecraft:grass_block":2,"minecraft:oak_log":29,"minecraft:dirt":4,"minecraft:stone":16,"minecraft:oak_leaves":1},"minecraft:dropped":{"minecraft:dirt":1,"minecraft:wheat_seeds":1,"minecraft:wooden_axe":1,"minecraft:oak_sapling":12,"minecraft:wooden_pickaxe":2,"minecraft:stick":3},"minecraft:crafted":{"minecraft:oak_planks":24,"minecraft:crafting_table":1,"minecraft:stick":8,"minecraft:wooden_pickaxe":1,"minecraft:stone_pickaxe":1,"minecraft:wooden_axe":1,"minecraft:stone_sword":1,"minecraft:stone_axe":1},"minecraft:used":{"minecraft:wooden_axe":19,"minecraft:stone_sword":23,"minecraft:wooden_pickaxe":16,"minecraft:stone_axe":8,"minecraft:dirt":5,"minecraft:crafting_table":1},"minecraft:picked_up":{"minecraft:stick":5,"minecraft:crafting_table":1,"minecraft:wooden_pickaxe":1,"minecraft:oak_log":29,"minecraft:dirt":6,"minecraft:rotten_flesh":1,"minecraft:apple":2,"minecraft:wheat_seeds":1,"minecraft:oak_sapling":12,"minecraft:cobblestone":16},"minecraft:killed":{"minecraft:zombie":4},"minecraft:killed_by":{"minecraft:creeper":1}},"DataVersion":2975}