{"stats":{"minecraft:mined":{"minecraft:crafting_table":1,"minecraft:grass":5,"minecraft:coal_ore":6,"minecraft:grass_block":2,"minecraft:oak_log":29,"minecraft:melon":14,"minecraft:dirt":4,"minecraft:stone":16,"minecraft:oak_leaves":1},"minecraft:custom":{"minecraft:time_since_rest":4331,"minecraft:sprint_one_cm":11014,"minecraft:damage_taken":595,"minecraft:walk_one_cm":21684,"minecraft:mob_kills":4,"minecraft:drop":11,"minecraft:damage_dealt":1067,"minecraft:interact_with_crafting_table":3,"minecraft:fly_one_cm":33030,"minecraft:play_time":16876,"tombstone:undead_killed":4,"minecraft:deaths":1,"minecraft:sneak_time":62,"minecraft:jump":153,"minecraft:leave_game":2,"minecraft:time_since_death":4305,"minecraft:total_world_time":16876,"minecraft:fall_one_cm":5482},"minecraft:picked_up":{"minecraft:stick":5,"minecraft:crafting_table":1,"minecraft:wooden_pickaxe":1,"minecraft:oak_log":29,"minecraft:dirt":6,"minecraft:rotten_flesh":1,"minecraft:apple":2,"minecraft:wheat_seeds":1,"minecraft:oak_sapling":12,"minecraft:melon_slice":69,"minecraft:coal":6,"minecraft:cobblestone":16},"minecraft:used":{"minecraft:wooden_axe":19,"minecraft:stone_sword":23,"minecraft:melon_slice":1,"minecraft:stone_pickaxe":7,"minecraft:wooden_pickaxe":16,"minecraft:rotten_flesh":1,"minecraft:stone_axe":24,"minecraft:dirt":5,"minecraft:crafting_table":1},"minecraft:killed_by":{"minecraft:creeper":1},"minecraft:killed":{"minecraft:zombie":4},"minecraft:crafted":{"minecraft:oak_planks":24,"minecraft:crafting_table":1,"minecraft:stick":8,"minecraft:wooden_pickaxe":1,"minecraft:stone_pickaxe":1,"minecraft:wooden_axe":1,"minecraft:stone_sword":1,"minecraft:stone_axe":1},"minecraft:dropped":{"minecraft:dirt":1,"minecraft:wheat_seeds":1,"minecraft:wooden_axe":1,"minecraft:oak_sapling":12,"minecraft:wooden_pickaxe":2,"minecraft:stick":3}},"DataVersion":2975}