{"stats":{"minecraft:mined":{"minecraft:white_bed":1,"minecraft:crafting_table":2,"minecraft:torch":3,"minecraft:grass_block":2,"minecraft:melon":25,"minecraft:sugar_cane":1,"minecraft:iron_ore":21,"minecraft:grass":32,"minecraft:oak_log":29,"minecraft:coal_ore":47,"minecraft:gravel":1,"minecraft:dirt":4,"minecraft:stone":36,"minecraft:oak_leaves":1,"minecraft:fern":7},"minecraft:custom":{"minecraft:interact_with_furnace":6,"minecraft:mob_kills":48,"minecraft:interact_with_crafting_table":10,"minecraft:leave_game":2,"minecraft:time_since_death":4194,"minecraft:sleep_in_bed":2,"minecraft:climb_one_cm":988,"minecraft:time_since_rest":2518,"minecraft:sprint_one_cm":49027,"minecraft:damage_taken":1310,"minecraft:walk_one_cm":86443,"minecraft:drop":12,"minecraft:damage_dealt":5056,"minecraft:swim_one_cm":16866,"minecraft:fly_one_cm":135968,"minecraft:crouch_one_cm":1971,"minecraft:play_time":40876,"tombstone:undead_killed":7,"minecraft:deaths":3,"minecraft:sneak_time":789,"minecraft:walk_under_water_one_cm":3413,"minecraft:jump":817,"minecraft:walk_on_water_one_cm":903,"minecraft:total_world_time":40876,"minecraft:fall_one_cm":26345},"minecraft:picked_up":{"minecraft:crafting_table":2,"minecraft:feather":18,"minecraft:chicken":14,"minecraft:leather":7,"minecraft:wooden_pickaxe":1,"minecraft:oak_log":29,"minecraft:dirt":6,"minecraft:string":5,"minecraft:bone":1,"minecraft:apple":2,"minecraft:bow":1,"minecraft:wheat_seeds":2,"minecraft:iron_ingot":5,"minecraft:beef":15,"minecraft:stone_pickaxe":1,"minecraft:melon_slice":124,"minecraft:sugar_cane":4,"minecraft:egg":4,"minecraft:stick":5,"minecraft:raw_iron":34,"minecraft:torch":3,"minecraft:gravel":1,"minecraft:porkchop":14,"minecraft:white_bed":1,"minecraft:spider_eye":1,"minecraft:rotten_flesh":4,"minecraft:oak_sapling":12,"minecraft:black_wool":1,"minecraft:mutton":15,"minecraft:coal":62,"minecraft:white_wool":9,"minecraft:cobblestone":37},"minecraft:used":{"minecraft:stone_sword":150,"minecraft:stone_pickaxe":41,"minecraft:wooden_pickaxe":16,"minecraft:rotten_flesh":1,"minecraft:torch":10,"minecraft:dirt":17,"minecraft:crafting_table":3,"minecraft:white_bed":2,"minecraft:wooden_axe":19,"minecraft:apple":1,"minecraft:melon_slice":24,"minecraft:iron_pickaxe":50,"minecraft:stone_axe":41,"minecraft:cobblestone":12,"minecraft:furnace":2,"tombstone:gift":1},"minecraft:killed_by":{"minecraft:skeleton":2,"minecraft:creeper":1},"minecraft:killed":{"minecraft:pig":6,"minecraft:spider":4,"minecraft:sheep":10,"minecraft:skeleton":1,"minecraft:zombie":6,"minecraft:chicken":14,"minecraft:cow":6},"minecraft:crafted":{"minecraft:oak_planks":24,"minecraft:crafting_table":1,"minecraft:wooden_pickaxe":1,"minecraft:furnace":2,"minecraft:stone_axe":1,"minecraft:stick":20,"minecraft:iron_ingot":16,"minecraft:iron_pickaxe":1,"minecraft:stone_pickaxe":1,"minecraft:wooden_axe":1,"minecraft:stone_sword":1,"minecraft:white_bed":1,"minecraft:torch":16},"minecraft:dropped":{"minecraft:wheat_seeds":1,"minecraft:stick":3,"minecraft:dirt":1,"minecraft:wooden_axe":1,"minecraft:oak_sapling":12,"minecraft:stone_pickaxe":1,"minecraft:wooden_pickaxe":2}},"DataVersion":2975}