{"stats":{"minecraft:mined":{"minecraft:white_bed":1,"minecraft:crafting_table":2,"minecraft:torch":4,"minecraft:grass_block":2,"minecraft:melon":25,"minecraft:sugar_cane":1,"minecraft:wall_torch":1,"minecraft:iron_ore":23,"minecraft:cobbled_deepslate":2,"minecraft:andesite":1,"minecraft:deepslate_lapis_ore":1,"minecraft:grass":32,"minecraft:deepslate_iron_ore":18,"minecraft:oak_log":29,"minecraft:coal_ore":48,"minecraft:gravel":1,"minecraft:dirt":4,"minecraft:stone":75,"minecraft:deepslate":9,"minecraft:oak_leaves":1,"minecraft:fern":7},"minecraft:custom":{"minecraft:interact_with_furnace":20,"minecraft:mob_kills":51,"minecraft:interact_with_crafting_table":13,"minecraft:leave_game":2,"minecraft:time_since_death":6927,"minecraft:sleep_in_bed":2,"minecraft:climb_one_cm":988,"minecraft:time_since_rest":6957,"minecraft:sprint_one_cm":52383,"minecraft:damage_taken":2040,"minecraft:walk_one_cm":117111,"minecraft:drop":17,"minecraft:damage_dealt":5715,"minecraft:swim_one_cm":16866,"minecraft:fly_one_cm":147339,"minecraft:crouch_one_cm":1971,"minecraft:play_time":52876,"tombstone:undead_killed":10,"minecraft:deaths":4,"minecraft:sneak_time":789,"minecraft:walk_under_water_one_cm":3413,"minecraft:jump":976,"minecraft:walk_on_water_one_cm":903,"minecraft:total_world_time":52876,"minecraft:fall_one_cm":33965},"minecraft:picked_up":{"minecraft:crafting_table":2,"minecraft:feather":18,"minecraft:chicken":14,"minecraft:andesite":1,"minecraft:leather":7,"minecraft:wooden_pickaxe":1,"minecraft:oak_log":29,"minecraft:lapis_lazuli":6,"minecraft:dirt":6,"minecraft:string":5,"minecraft:bone":3,"minecraft:apple":2,"minecraft:bow":1,"minecraft:wheat_seeds":2,"minecraft:cobbled_deepslate":9,"minecraft:iron_ingot":5,"minecraft:beef":15,"minecraft:stone_pickaxe":1,"minecraft:melon_slice":124,"minecraft:sugar_cane":4,"minecraft:egg":4,"minecraft:stick":5,"minecraft:raw_iron":54,"minecraft:torch":5,"minecraft:gravel":1,"minecraft:porkchop":14,"tombstone:grave_dust":1,"minecraft:white_bed":1,"minecraft:spider_eye":1,"minecraft:arrow":1,"minecraft:rotten_flesh":5,"minecraft:oak_sapling":12,"minecraft:black_wool":1,"minecraft:mutton":15,"minecraft:coal":63,"minecraft:white_wool":9,"minecraft:cobblestone":77},"minecraft:used":{"minecraft:cooked_mutton":2,"minecraft:stone_sword":150,"minecraft:stone_pickaxe":41,"minecraft:wooden_pickaxe":16,"minecraft:iron_sword":13,"minecraft:rotten_flesh":1,"minecraft:torch":14,"minecraft:dirt":17,"minecraft:crafting_table":3,"minecraft:white_bed":2,"minecraft:wooden_axe":19,"minecraft:apple":1,"minecraft:melon_slice":36,"minecraft:iron_pickaxe":123,"minecraft:gravel":1,"minecraft:stone_axe":41,"minecraft:cobblestone":15,"minecraft:furnace":4,"minecraft:andesite":1,"tombstone:gift":3,"minecraft:cobbled_deepslate":9},"minecraft:killed_by":{"minecraft:skeleton":3,"minecraft:creeper":1},"minecraft:killed":{"minecraft:pig":6,"minecraft:spider":4,"minecraft:sheep":10,"minecraft:skeleton":3,"minecraft:zombie":7,"minecraft:chicken":14,"minecraft:cow":6},"minecraft:crafted":{"minecraft:oak_planks":24,"minecraft:crafting_table":1,"minecraft:wooden_pickaxe":1,"minecraft:iron_sword":2,"minecraft:furnace":4,"minecraft:stone_axe":1,"minecraft:cooked_mutton":15,"minecraft:iron_chestplate":1,"minecraft:iron_axe":1,"minecraft:stick":20,"minecraft:iron_ingot":16,"minecraft:iron_pickaxe":1,"minecraft:stone_pickaxe":1,"minecraft:wooden_axe":1,"minecraft:stone_sword":1,"minecraft:white_bed":1,"minecraft:torch":16},"minecraft:dropped":{"minecraft:wheat_seeds":2,"minecraft:stone_sword":1,"minecraft:rotten_flesh":4,"minecraft:stick":3,"minecraft:dirt":1,"minecraft:wooden_axe":1,"minecraft:oak_sapling":12,"minecraft:spider_eye":1,"minecraft:bow":1,"minecraft:stone_pickaxe":1,"minecraft:wooden_pickaxe":2}},"DataVersion":2975}